Year,Gender,Percentage
1982,FE,0.30951
1982,MA,0.58117
1994,FE,0.45996
1994,MA,0.71385
2004,FE,0.60493
2004,MA,0.80803
2008,FE,0.69898
2008,MA,0.85805
2009,FE,0.72145
2009,MA,0.86729
2011,FE,0.74034
2011,MA,0.88829
2012,FE,0.87783
2012,MA,0.94627
2018,FE,0.974
2018,MA,0.9804
